Workbook
Name L_KIND: '选项'!$A$1:$A$2
Name L_OP: '选项'!$B$1:$B$3
Name L_DIR: '选项'!$C$1:$C$3
Name L_YN: '选项'!$D$1:$D$2
Name L_STATUS: '选项'!$E$1:$E$5

Sheet 说明
B2: 业务语义维护表 · 存款（初稿）
B3: 依据《全省农商行2026年7月主要经营指标一览表》存款部分整理。数据湖编号为系统按名称找到的候选，需经数值对账和业务确认。2026-10-09
B5: 这份表维护什么
B6: 存款-指标树 | C6: 行：存款有哪些指标、上下级、加减，以及每个指标对应数据湖的哪个编号。业务主要维护这张。
B7: 口径字典 | C7: 列：当日数、较年初、较同期等口径的含义和常见说法。全行共用一张，各板块不必重复维护。
B8: 报表列对应 | C8: 一览表的每一列对应哪个口径、怎么算，已用报表自身数值验证。
B9: 报表数值（对账用） | C9: 一览表存款部分的原始数值，对账脚本用它逐行比对数据湖。
B10: 需确认问题 | C10: 汇总了所有需要业务方或数据方回答的问题。
B12: 状态说明
B13: 待对账 | C13: 候选编号明确，等系统用真实数据对账，数字对上即改为“已确认”。
B14: 待确认 | C14: 有多个候选或口径不清，需要业务方或数据方选择。
B15: 数据湖无此指标 | C15: 按名称找不到，请数据方指认编号，或确认数据湖确实没有。
B16: 已确认 | C16: 可以导入系统使用。
B18: 维护分工
B19: 业务负责人 | C19: 树的结构、加减关系、好坏方向、核心指标、默认口径。
B20: 数据方 | C20: 数据湖指标编号、口径含义。
B21: 系统组 | C21: 候选预填、数值对账、导入与校验。
B23: 整理进度（自动统计）
B24: 指标 / 比率 | C24: =COUNTIF('存款-指标树'!C3:C32,"指标")&" 个指标 / "&COUNTIF('存款-指标树'!C3:C32,"比率")&" 个比率"
B25: 已确认 | C25: =COUNTIF('存款-指标树'!M3:M32,"已确认")
B26: 待对账 | C26: =COUNTIF('存款-指标树'!M3:M32,"待对账")
B27: 待确认 | C27: =COUNTIF('存款-指标树'!M3:M32,"待确认")
B28: 数据湖无此指标 | C28: =COUNTIF('存款-指标树'!M3:M32,"数据湖无此指标")
B29: 加总校验不一致的组 | C29: =COUNTIF('存款-指标树'!R3:R32,"✗*")
B30: 待答复问题 | C30: =COUNTA('需确认问题'!D2:D13)-COUNTA('需确认问题'!F2:F13)

Sheet 存款-指标树
A1: 一览表中的序号，便于对照 | B1: 表示上下级：1.1 的上级是 1，1.1.2 的上级是 1.1。比率行不编号 | C1: 指标 / 比率 | D1: 按层级缩进；灰色为比率 | E1: 同一上级下的分组，如按存款类型、按期限；“其中项”不参与加总 | F1: 加：计入上级；减：从上级扣除；其中：属于上级但与其他项交叉 | G1: 关联的关键列。多个编号依次记为 A、B，在“计算方式”中写组合方法 | H1: 按编号自动对应，便于阅读 | I1: 比率：分子编号 ÷ 分母编号；组合：如 A + B。单个编号时留空 | K1: 建议值，请确认 | L1: 看“存款整体情况”时优先看的指标 | M1: 待对账 / 待确认 / 数据湖无此指标 / 已确认 / 不需要 | N1: 需要业务方或数据方回答的问题；答复写在备注列 | P1: 来自一览表，用于校验 | Q1: 由编号自动计算 | R1: 同一上级、同一拆解方式下“加/减”项的合计是否等于上级（显示在每组第一行）
A2: 报表序号 | B2: 编号 | C2: 类型 | D2: 指标名称 | E2: 拆解方式 | F2: 加/减/其中 | G2: 数据湖指标编号 | H2: 数据湖指标名称 | I2: 计算方式 | J2: 单位 | K2: 好坏方向 | L2: 核心指标 | M2: 状态 | N2: 需要确认的问题 | O2: 备注 / 答复 | P2: 报表数值 2026年7月末 | Q2: 上级编号 | R2: 本组加总校验
A3: 1 | B3: 1 | C3: 指标 | D3: 各项存款 | G3: ORG_VRS_DEPT_BAL | H3: 各项存款余额 | J3: 亿元 | K3: 越大越好 | L3: 是 | M3: 待确认 | N3: 对应“各项存款余额”还是“各项存款余额_银监”（ORG_VRS_DEPT_BAL_CBRC）？对账时两个都比对 | P3: 44389.53 | Q3: =IF(B3="","",IFERROR(LEFT(B3,FIND("~",SUBSTITUTE(B3,".","~",LEN(B3)-LEN(SUBSTITUTE(B3,".",""))))-1),"")) | R3: =IF(OR(Q3="",AND(F3<>"加",F3<>"减")),"",IF(COUNTIFS($Q$3:Q3,Q3,$E$3:E3,E3,$F$3:F3,"加")+COUNTIFS($Q$3:Q3,Q3,$E$3:E3,E3,$F$3:F3,"减")>1,"",IF(ISNUMBER(INDEX($P$3:$P$32,MATCH(Q3,$B$3:$B$32,0)))=FALSE,"上级无数值",IF(ABS(INDEX($P$3:$P$32,MATCH(Q3,$B$3:$B$32,0))-(SUMIFS($P$3:$P$32,$Q$3:$Q$32,Q3,$E$3:$E$32,E3,$F$3:$F$32,"加")-SUMIFS($P$3:$P$32,$Q$3:$Q$32,Q3,$E$3:$E$32,E3,$F$3:$F$32,"减")))<=MAX(0.05,ABS(INDEX($P$3:$P$32,MATCH(Q3,$B$3:$B$32,0)))*0.0005),"✓ 合计与上级一致","✗ 合计与上级相差 "&TEXT(INDEX($P$3:$P$32,MATCH(Q3,$B$3:$B$32,0))-(SUMIFS($P$3:$P$32,$Q$3:$Q$32,Q3,$E$3:$E$32,E3,$F$3:$F$32,"加")-SUMIFS($P$3:$P$32,$Q$3:$Q$32,Q3,$E$3:$E$32,E3,$F$3:$F$32,"减")),"#,##0.00")))))
A4: 2 | B4: 1.1 | C4: 指标 | D4: 个人存款 | E4: 按客户类型 | F4: 加 | G4: ORG_PSON_DEPT_BAL | H4: 个人存款余额 | J4: 亿元 | K4: 越大越好 | L4: 是 | M4: 待对账 | P4: 33238.53 | Q4: =IF(B4="","",IFERROR(LEFT(B4,FIND("~",SUBSTITUTE(B4,".","~",LEN(B4)-LEN(SUBSTITUTE(B4,".",""))))-1),"")) | R4: =IF(OR(Q4="",AND(F4<>"加",F4<>"减")),"",IF(COUNTIFS($Q$3:Q4,Q4,$E$3:E4,E4,$F$3:F4,"加")+COUNTIFS($Q$3:Q4,Q4,$E$3:E4,E4,$F$3:F4,"减")>1,"",IF(ISNUMBER(INDEX($P$3:$P$32,MATCH(Q4,$B$3:$B$32,0)))=FALSE,"上级无数值",IF(ABS(INDEX($P$3:$P$32,MATCH(Q4,$B$3:$B$32,0))-(SUMIFS($P$3:$P$32,$Q$3:$Q$32,Q4,$E$3:$E$32,E4,$F$3:$F$32,"加")-SUMIFS($P$3:$P$32,$Q$3:$Q$32,Q4,$E$3:$E$32,E4,$F$3:$F$32,"减")))<=MAX(0.05,ABS(INDEX($P$3:$P$32,MATCH(Q4,$B$3:$B$32,0)))*0.0005),"✓ 合计与上级一致","✗ 合计与上级相差 "&TEXT(INDEX($P$3:$P$32,MATCH(Q4,$B$3:$B$32,0))-(SUMIFS($P$3:$P$32,$Q$3:$Q$32,Q4,$E$3:$E$32,E4,$F$3:$F$32,"加")-SUMIFS($P$3:$P$32,$Q$3:$Q$32,Q4,$E$3:$E$32,E4,$F$3:$F$32,"减")),"#,##0.00")))))
A5: 3 | C5: 比率 | D5: 个人存款占比 | G5: ORG_PSON_DEPT_BAL_PRPR | H5: 个人存款余额占比 | I5: 1.1 ÷ 1 | J5: % | K5: 无明显好坏 | M5: 待对账 | O5: 报表值 74.88% = 个人存款 ÷ 各项存款；数据湖现成指标的分母待对账确认 | P5: 0.74879211 | Q5: =IF(B5="","",IFERROR(LEFT(B5,FIND("~",SUBSTITUTE(B5,".","~",LEN(B5)-LEN(SUBSTITUTE(B5,".",""))))-1),"")) | R5: =IF(OR(Q5="",AND(F5<>"加",F5<>"减")),"",IF(COUNTIFS($Q$3:Q5,Q5,$E$3:E5,E5,$F$3:F5,"加")+COUNTIFS($Q$3:Q5,Q5,$E$3:E5,E5,$F$3:F5,"减")>1,"",IF(ISNUMBER(INDEX($P$3:$P$32,MATCH(Q5,$B$3:$B$32,0)))=FALSE,"上级无数值",IF(ABS(INDEX($P$3:$P$32,MATCH(Q5,$B$3:$B$32,0))-(SUMIFS($P$3:$P$32,$Q$3:$Q$32,Q5,$E$3:$E$32,E5,$F$3:$F$32,"加")-SUMIFS($P$3:$P$32,$Q$3:$Q$32,Q5,$E$3:$E$32,E5,$F$3:$F$32,"减")))<=MAX(0.05,ABS(INDEX($P$3:$P$32,MATCH(Q5,$B$3:$B$32,0)))*0.0005),"✓ 合计与上级一致","✗ 合计与上级相差 "&TEXT(INDEX($P$3:$P$32,MATCH(Q5,$B$3:$B$32,0))-(SUMIFS($P$3:$P$32,$Q$3:$Q$32,Q5,$E$3:$E$32,E5,$F$3:$F$32,"加")-SUMIFS($P$3:$P$32,$Q$3:$Q$32,Q5,$E$3:$E$32,E5,$F$3:$F$32,"减")),"#,##0.00")))))
A6: 4 | B6: 1.1.1 | C6: 指标 | D6: 个人活期存款 | E6: 按存款类型 | F6: 加 | G6: ORG_PSON_DEDMDPT_BAL | H6: 个人活期存款余额 | J6: 亿元 | K6: 越大越好 | M6: 待对账 | P6: 4647.3801 | Q6: =IF(B6="","",IFERROR(LEFT(B6,FIND("~",SUBSTITUTE(B6,".","~",LEN(B6)-LEN(SUBSTITUTE(B6,".",""))))-1),"")) | R6: =IF(OR(Q6="",AND(F6<>"加",F6<>"减")),"",IF(COUNTIFS($Q$3:Q6,Q6,$E$3:E6,E6,$F$3:F6,"加")+COUNTIFS($Q$3:Q6,Q6,$E$3:E6,E6,$F$3:F6,"减")>1,"",IF(ISNUMBER(INDEX($P$3:$P$32,MATCH(Q6,$B$3:$B$32,0)))=FALSE,"上级无数值",IF(ABS(INDEX($P$3:$P$32,MATCH(Q6,$B$3:$B$32,0))-(SUMIFS($P$3:$P$32,$Q$3:$Q$32,Q6,$E$3:$E$32,E6,$F$3:$F$32,"加")-SUMIFS($P$3:$P$32,$Q$3:$Q$32,Q6,$E$3:$E$32,E6,$F$3:$F$32,"减")))<=MAX(0.05,ABS(INDEX($P$3:$P$32,MATCH(Q6,$B$3:$B$32,0)))*0.0005),"✓ 合计与上级一致","✗ 合计与上级相差 "&TEXT(INDEX($P$3:$P$32,MATCH(Q6,$B$3:$B$32,0))-(SUMIFS($P$3:$P$32,$Q$3:$Q$32,Q6,$E$3:$E$32,E6,$F$3:$F$32,"加")-SUMIFS($P$3:$P$32,$Q$3:$Q$32,Q6,$E$3:$E$32,E6,$F$3:$F$32,"减")),"#,##0.00")))))
A7: 5 | C7: 比率 | D7: 个人活期存款占个人存款比 | G7: ORG_PSON_DEDMDPT_BAL_PRPR | H7: 个人活期存款余额占比 | I7: 1.1.1 ÷ 1.1 | J7: % | K7: 无明显好坏 | M7: 待对账 | O7: 报表分母是个人存款；数据湖“个人活期存款余额占比”的分母待对账确认，不一致则改用计算方式 | P7: 0.13981906 | Q7: =IF(B7="","",IFERROR(LEFT(B7,FIND("~",SUBSTITUTE(B7,".","~",LEN(B7)-LEN(SUBSTITUTE(B7,".",""))))-1),"")) | R7: =IF(OR(Q7="",AND(F7<>"加",F7<>"减")),"",IF(COUNTIFS($Q$3:Q7,Q7,$E$3:E7,E7,$F$3:F7,"加")+COUNTIFS($Q$3:Q7,Q7,$E$3:E7,E7,$F$3:F7,"减")>1,"",IF(ISNUMBER(INDEX($P$3:$P$32,MATCH(Q7,$B$3:$B$32,0)))=FALSE,"上级无数值",IF(ABS(INDEX($P$3:$P$32,MATCH(Q7,$B$3:$B$32,0))-(SUMIFS($P$3:$P$32,$Q$3:$Q$32,Q7,$E$3:$E$32,E7,$F$3:$F$32,"加")-SUMIFS($P$3:$P$32,$Q$3:$Q$32,Q7,$E$3:$E$32,E7,$F$3:$F$32,"减")))<=MAX(0.05,ABS(INDEX($P$3:$P$32,MATCH(Q7,$B$3:$B$32,0)))*0.0005),"✓ 合计与上级一致","✗ 合计与上级相差 "&TEXT(INDEX($P$3:$P$32,MATCH(Q7,$B$3:$B$32,0))-(SUMIFS($P$3:$P$32,$Q$3:$Q$32,Q7,$E$3:$E$32,E7,$F$3:$F$32,"加")-SUMIFS($P$3:$P$32,$Q$3:$Q$32,Q7,$E$3:$E$32,E7,$F$3:$F$32,"减")),"#,##0.00")))))
A8: 6 | B8: 1.1.2 | C8: 指标 | D8: 个人定期存款 | E8: 按存款类型 | F8: 加 | G8: ORG_PSON_TMDST_BAL | H8: 个人定期存款余额 | J8: 亿元 | K8: 越大越好 | M8: 待对账 | P8: 28591.15 | Q8: =IF(B8="","",IFERROR(LEFT(B8,FIND("~",SUBSTITUTE(B8,".","~",LEN(B8)-LEN(SUBSTITUTE(B8,".",""))))-1),"")) | R8: =IF(OR(Q8="",AND(F8<>"加",F8<>"减")),"",IF(COUNTIFS($Q$3:Q8,Q8,$E$3:E8,E8,$F$3:F8,"加")+COUNTIFS($Q$3:Q8,Q8,$E$3:E8,E8,$F$3:F8,"减")>1,"",IF(ISNUMBER(INDEX($P$3:$P$32,MATCH(Q8,$B$3:$B$32,0)))=FALSE,"上级无数值",IF(ABS(INDEX($P$3:$P$32,MATCH(Q8,$B$3:$B$32,0))-(SUMIFS($P$3:$P$32,$Q$3:$Q$32,Q8,$E$3:$E$32,E8,$F$3:$F$32,"加")-SUMIFS($P$3:$P$32,$Q$3:$Q$32,Q8,$E$3:$E$32,E8,$F$3:$F$32,"减")))<=MAX(0.05,ABS(INDEX($P$3:$P$32,MATCH(Q8,$B$3:$B$32,0)))*0.0005),"✓ 合计与上级一致","✗ 合计与上级相差 "&TEXT(INDEX($P$3:$P$32,MATCH(Q8,$B$3:$B$32,0))-(SUMIFS($P$3:$P$32,$Q$3:$Q$32,Q8,$E$3:$E$32,E8,$F$3:$F$32,"加")-SUMIFS($P$3:$P$32,$Q$3:$Q$32,Q8,$E$3:$E$32,E8,$F$3:$F$32,"减")),"#,##0.00")))))
A9: 7 | C9: 比率 | D9: 个人定期存款占个人存款比 | I9: 1.1.2 ÷ 1.1 | J9: % | K9: 无明显好坏 | M9: 待对账 | O9: 数据湖无现成指标，按计算方式得出 | P9: 0.86018094 | Q9: =IF(B9="","",IFERROR(LEFT(B9,FIND("~",SUBSTITUTE(B9,".","~",LEN(B9)-LEN(SUBSTITUTE(B9,".",""))))-1),"")) | R9: =IF(OR(Q9="",AND(F9<>"加",F9<>"减")),"",IF(COUNTIFS($Q$3:Q9,Q9,$E$3:E9,E9,$F$3:F9,"加")+COUNTIFS($Q$3:Q9,Q9,$E$3:E9,E9,$F$3:F9,"减")>1,"",IF(ISNUMBER(INDEX($P$3:$P$32,MATCH(Q9,$B$3:$B$32,0)))=FALSE,"上级无数值",IF(ABS(INDEX($P$3:$P$32,MATCH(Q9,$B$3:$B$32,0))-(SUMIFS($P$3:$P$32,$Q$3:$Q$32,Q9,$E$3:$E$32,E9,$F$3:$F$32,"加")-SUMIFS($P$3:$P$32,$Q$3:$Q$32,Q9,$E$3:$E$32,E9,$F$3:$F$32,"减")))<=MAX(0.05,ABS(INDEX($P$3:$P$32,MATCH(Q9,$B$3:$B$32,0)))*0.0005),"✓ 合计与上级一致","✗ 合计与上级相差 "&TEXT(INDEX($P$3:$P$32,MATCH(Q9,$B$3:$B$32,0))-(SUMIFS($P$3:$P$32,$Q$3:$Q$32,Q9,$E$3:$E$32,E9,$F$3:$F$32,"加")-SUMIFS($P$3:$P$32,$Q$3:$Q$32,Q9,$E$3:$E$32,E9,$F$3:$F$32,"减")),"#,##0.00")))))
A10: 8 | B10: 1.1.2.1 | C10: 指标 | D10: 一年期及以下 | E10: 按存款期限 | F10: 加 | G10: A：ORG_PSON_ONEYRTER_BLW_FIXDEP_DEPT_BAL；B：ORG_PSON_ONEYRTER_BLW_CDS_BAL | H10: A：个人一年期及以下整存整取存款余额；B：个人一年期及以下大额存单余额 | I10: A，或 A + B | J10: 亿元 | K10: 越大越好 | M10: 待确认 | N10: 只算整存整取（A），还是整存整取 + 大额存单（A + B）？对账可判断 | P10: 7335.9384 | Q10: =IF(B10="","",IFERROR(LEFT(B10,FIND("~",SUBSTITUTE(B10,".","~",LEN(B10)-LEN(SUBSTITUTE(B10,".",""))))-1),"")) | R10: =IF(OR(Q10="",AND(F10<>"加",F10<>"减")),"",IF(COUNTIFS($Q$3:Q10,Q10,$E$3:E10,E10,$F$3:F10,"加")+COUNTIFS($Q$3:Q10,Q10,$E$3:E10,E10,$F$3:F10,"减")>1,"",IF(ISNUMBER(INDEX($P$3:$P$32,MATCH(Q10,$B$3:$B$32,0)))=FALSE,"上级无数值",IF(ABS(INDEX($P$3:$P$32,MATCH(Q10,$B$3:$B$32,0))-(SUMIFS($P$3:$P$32,$Q$3:$Q$32,Q10,$E$3:$E$32,E10,$F$3:$F$32,"加")-SUMIFS($P$3:$P$32,$Q$3:$Q$32,Q10,$E$3:$E$32,E10,$F$3:$F$32,"减")))<=MAX(0.05,ABS(INDEX($P$3:$P$32,MATCH(Q10,$B$3:$B$32,0)))*0.0005),"✓ 合计与上级一致","✗ 合计与上级相差 "&TEXT(INDEX($P$3:$P$32,MATCH(Q10,$B$3:$B$32,0))-(SUMIFS($P$3:$P$32,$Q$3:$Q$32,Q10,$E$3:$E$32,E10,$F$3:$F$32,"加")-SUMIFS($P$3:$P$32,$Q$3:$Q$32,Q10,$E$3:$E$32,E10,$F$3:$F$32,"减")),"#,##0.00")))))
A11: 9 | C11: 比率 | D11: 一年期及以下占个人定期比 | I11: 1.1.2.1 ÷ 1.1.2 | J11: % | K11: 无明显好坏 | M11: 待对账 | P11: 0.25658074 | Q11: =IF(B11="","",IFERROR(LEFT(B11,FIND("~",SUBSTITUTE(B11,".","~",LEN(B11)-LEN(SUBSTITUTE(B11,".",""))))-1),"")) | R11: =IF(OR(Q11="",AND(F11<>"加",F11<>"减")),"",IF(COUNTIFS($Q$3:Q11,Q11,$E$3:E11,E11,$F$3:F11,"加")+COUNTIFS($Q$3:Q11,Q11,$E$3:E11,E11,$F$3:F11,"减")>1,"",IF(ISNUMBER(INDEX($P$3:$P$32,MATCH(Q11,$B$3:$B$32,0)))=FALSE,"上级无数值",IF(ABS(INDEX($P$3:$P$32,MATCH(Q11,$B$3:$B$32,0))-(SUMIFS($P$3:$P$32,$Q$3:$Q$32,Q11,$E$3:$E$32,E11,$F$3:$F$32,"加")-SUMIFS($P$3:$P$32,$Q$3:$Q$32,Q11,$E$3:$E$32,E11,$F$3:$F$32,"减")))<=MAX(0.05,ABS(INDEX($P$3:$P$32,MATCH(Q11,$B$3:$B$32,0)))*0.0005),"✓ 合计与上级一致","✗ 合计与上级相差 "&TEXT(INDEX($P$3:$P$32,MATCH(Q11,$B$3:$B$32,0))-(SUMIFS($P$3:$P$32,$Q$3:$Q$32,Q11,$E$3:$E$32,E11,$F$3:$F$32,"加")-SUMIFS($P$3:$P$32,$Q$3:$Q$32,Q11,$E$3:$E$32,E11,$F$3:$F$32,"减")),"#,##0.00")))))
A12: 10 | B12: 1.1.2.2 | C12: 指标 | D12: 二年期 | E12: 按存款期限 | F12: 加 | G12: ORG_PSON_Y2_TMDST_BAL | H12: 个人两年定期存款余额 | J12: 亿元 | K12: 越大越好 | M12: 待对账 | O12: 备选：两年期整存整取 ORG_PSON_Y2_FIXDEP_DEPT_BAL + 两年期大额存单 ORG_PSON_Y2_CDS_BAL | P12: 3611.2953 | Q12: =IF(B12="","",IFERROR(LEFT(B12,FIND("~",SUBSTITUTE(B12,".","~",LEN(B12)-LEN(SUBSTITUTE(B12,".",""))))-1),"")) | R12: =IF(OR(Q12="",AND(F12<>"加",F12<>"减")),"",IF(COUNTIFS($Q$3:Q12,Q12,$E$3:E12,E12,$F$3:F12,"加")+COUNTIFS($Q$3:Q12,Q12,$E$3:E12,E12,$F$3:F12,"减")>1,"",IF(ISNUMBER(INDEX($P$3:$P$32,MATCH(Q12,$B$3:$B$32,0)))=FALSE,"上级无数值",IF(ABS(INDEX($P$3:$P$32,MATCH(Q12,$B$3:$B$32,0))-(SUMIFS($P$3:$P$32,$Q$3:$Q$32,Q12,$E$3:$E$32,E12,$F$3:$F$32,"加")-SUMIFS($P$3:$P$32,$Q$3:$Q$32,Q12,$E$3:$E$32,E12,$F$3:$F$32,"减")))<=MAX(0.05,ABS(INDEX($P$3:$P$32,MATCH(Q12,$B$3:$B$32,0)))*0.0005),"✓ 合计与上级一致","✗ 合计与上级相差 "&TEXT(INDEX($P$3:$P$32,MATCH(Q12,$B$3:$B$32,0))-(SUMIFS($P$3:$P$32,$Q$3:$Q$32,Q12,$E$3:$E$32,E12,$F$3:$F$32,"加")-SUMIFS($P$3:$P$32,$Q$3:$Q$32,Q12,$E$3:$E$32,E12,$F$3:$F$32,"减")),"#,##0.00")))))
A13: 11 | C13: 比率 | D13: 二年期占个人定期比 | I13: 1.1.2.2 ÷ 1.1.2 | J13: % | K13: 无明显好坏 | M13: 待对账 | P13: 0.12630815 | Q13: =IF(B13="","",IFERROR(LEFT(B13,FIND("~",SUBSTITUTE(B13,".","~",LEN(B13)-LEN(SUBSTITUTE(B13,".",""))))-1),"")) | R13: =IF(OR(Q13="",AND(F13<>"加",F13<>"减")),"",IF(COUNTIFS($Q$3:Q13,Q13,$E$3:E13,E13,$F$3:F13,"加")+COUNTIFS($Q$3:Q13,Q13,$E$3:E13,E13,$F$3:F13,"减")>1,"",IF(ISNUMBER(INDEX($P$3:$P$32,MATCH(Q13,$B$3:$B$32,0)))=FALSE,"上级无数值",IF(ABS(INDEX($P$3:$P$32,MATCH(Q13,$B$3:$B$32,0))-(SUMIFS($P$3:$P$32,$Q$3:$Q$32,Q13,$E$3:$E$32,E13,$F$3:$F$32,"加")-SUMIFS($P$3:$P$32,$Q$3:$Q$32,Q13,$E$3:$E$32,E13,$F$3:$F$32,"减")))<=MAX(0.05,ABS(INDEX($P$3:$P$32,MATCH(Q13,$B$3:$B$32,0)))*0.0005),"✓ 合计与上级一致","✗ 合计与上级相差 "&TEXT(INDEX($P$3:$P$32,MATCH(Q13,$B$3:$B$32,0))-(SUMIFS($P$3:$P$32,$Q$3:$Q$32,Q13,$E$3:$E$32,E13,$F$3:$F$32,"加")-SUMIFS($P$3:$P$32,$Q$3:$Q$32,Q13,$E$3:$E$32,E13,$F$3:$F$32,"减")),"#,##0.00")))))
A14: 12 | B14: 1.1.2.3 | C14: 指标 | D14: 三年期 | E14: 按存款期限 | F14: 加 | G14: ORG_PSON_Y3_TMDST_BAL | H14: 个人三年定期存款余额 | J14: 亿元 | K14: 越大越好 | M14: 待对账 | O14: 备选：三年期整存整取 ORG_PSON_THRYRTEM_FIXDEP_DEPT_BAL + 三年期大额存单 ORG_PSON_THRYRTEM_CDS_BAL | P14: 15018.54 | Q14: =IF(B14="","",IFERROR(LEFT(B14,FIND("~",SUBSTITUTE(B14,".","~",LEN(B14)-LEN(SUBSTITUTE(B14,".",""))))-1),"")) | R14: =IF(OR(Q14="",AND(F14<>"加",F14<>"减")),"",IF(COUNTIFS($Q$3:Q14,Q14,$E$3:E14,E14,$F$3:F14,"加")+COUNTIFS($Q$3:Q14,Q14,$E$3:E14,E14,$F$3:F14,"减")>1,"",IF(ISNUMBER(INDEX($P$3:$P$32,MATCH(Q14,$B$3:$B$32,0)))=FALSE,"上级无数值",IF(ABS(INDEX($P$3:$P$32,MATCH(Q14,$B$3:$B$32,0))-(SUMIFS($P$3:$P$32,$Q$3:$Q$32,Q14,$E$3:$E$32,E14,$F$3:$F$32,"加")-SUMIFS($P$3:$P$32,$Q$3:$Q$32,Q14,$E$3:$E$32,E14,$F$3:$F$32,"减")))<=MAX(0.05,ABS(INDEX($P$3:$P$32,MATCH(Q14,$B$3:$B$32,0)))*0.0005),"✓ 合计与上级一致","✗ 合计与上级相差 "&TEXT(INDEX($P$3:$P$32,MATCH(Q14,$B$3:$B$32,0))-(SUMIFS($P$3:$P$32,$Q$3:$Q$32,Q14,$E$3:$E$32,E14,$F$3:$F$32,"加")-SUMIFS($P$3:$P$32,$Q$3:$Q$32,Q14,$E$3:$E$32,E14,$F$3:$F$32,"减")),"#,##0.00")))))
A15: 13 | C15: 比率 | D15: 三年期占个人定期比 | I15: 1.1.2.3 ÷ 1.1.2 | J15: % | K15: 无明显好坏 | M15: 待对账 | P15: 0.52528632 | Q15: =IF(B15="","",IFERROR(LEFT(B15,FIND("~",SUBSTITUTE(B15,".","~",LEN(B15)-LEN(SUBSTITUTE(B15,".",""))))-1),"")) | R15: =IF(OR(Q15="",AND(F15<>"加",F15<>"减")),"",IF(COUNTIFS($Q$3:Q15,Q15,$E$3:E15,E15,$F$3:F15,"加")+COUNTIFS($Q$3:Q15,Q15,$E$3:E15,E15,$F$3:F15,"减")>1,"",IF(ISNUMBER(INDEX($P$3:$P$32,MATCH(Q15,$B$3:$B$32,0)))=FALSE,"上级无数值",IF(ABS(INDEX($P$3:$P$32,MATCH(Q15,$B$3:$B$32,0))-(SUMIFS($P$3:$P$32,$Q$3:$Q$32,Q15,$E$3:$E$32,E15,$F$3:$F$32,"加")-SUMIFS($P$3:$P$32,$Q$3:$Q$32,Q15,$E$3:$E$32,E15,$F$3:$F$32,"减")))<=MAX(0.05,ABS(INDEX($P$3:$P$32,MATCH(Q15,$B$3:$B$32,0)))*0.0005),"✓ 合计与上级一致","✗ 合计与上级相差 "&TEXT(INDEX($P$3:$P$32,MATCH(Q15,$B$3:$B$32,0))-(SUMIFS($P$3:$P$32,$Q$3:$Q$32,Q15,$E$3:$E$32,E15,$F$3:$F$32,"加")-SUMIFS($P$3:$P$32,$Q$3:$Q$32,Q15,$E$3:$E$32,E15,$F$3:$F$32,"减")),"#,##0.00")))))
A16: 14 | B16: 1.1.2.4 | C16: 指标 | D16: 五年期 | E16: 按存款期限 | F16: 加 | G16: A：ORG_PSON_FIVE_PRD_FIXDEP_DEPT_BAL；B：ORG_PSON_FIVE_PRD_CDS_BAL | H16: A：个人五年期整存整取存款余额；B：个人五年期大额存单余额 | I16: A，或 A + B | J16: 亿元 | K16: 越大越好 | M16: 待确认 | N16: 只算整存整取（A），还是整存整取 + 大额存单（A + B）？对账可判断 | P16: 473.52667 | Q16: =IF(B16="","",IFERROR(LEFT(B16,FIND("~",SUBSTITUTE(B16,".","~",LEN(B16)-LEN(SUBSTITUTE(B16,".",""))))-1),"")) | R16: =IF(OR(Q16="",AND(F16<>"加",F16<>"减")),"",IF(COUNTIFS($Q$3:Q16,Q16,$E$3:E16,E16,$F$3:F16,"加")+COUNTIFS($Q$3:Q16,Q16,$E$3:E16,E16,$F$3:F16,"减")>1,"",IF(ISNUMBER(INDEX($P$3:$P$32,MATCH(Q16,$B$3:$B$32,0)))=FALSE,"上级无数值",IF(ABS(INDEX($P$3:$P$32,MATCH(Q16,$B$3:$B$32,0))-(SUMIFS($P$3:$P$32,$Q$3:$Q$32,Q16,$E$3:$E$32,E16,$F$3:$F$32,"加")-SUMIFS($P$3:$P$32,$Q$3:$Q$32,Q16,$E$3:$E$32,E16,$F$3:$F$32,"减")))<=MAX(0.05,ABS(INDEX($P$3:$P$32,MATCH(Q16,$B$3:$B$32,0)))*0.0005),"✓ 合计与上级一致","✗ 合计与上级相差 "&TEXT(INDEX($P$3:$P$32,MATCH(Q16,$B$3:$B$32,0))-(SUMIFS($P$3:$P$32,$Q$3:$Q$32,Q16,$E$3:$E$32,E16,$F$3:$F$32,"加")-SUMIFS($P$3:$P$32,$Q$3:$Q$32,Q16,$E$3:$E$32,E16,$F$3:$F$32,"减")),"#,##0.00")))))
A17: 15 | C17: 比率 | D17: 五年期占个人定期比 | I17: 1.1.2.4 ÷ 1.1.2 | J17: % | K17: 无明显好坏 | M17: 待对账 | P17: 0.016562001 | Q17: =IF(B17="","",IFERROR(LEFT(B17,FIND("~",SUBSTITUTE(B17,".","~",LEN(B17)-LEN(SUBSTITUTE(B17,".",""))))-1),"")) | R17: =IF(OR(Q17="",AND(F17<>"加",F17<>"减")),"",IF(COUNTIFS($Q$3:Q17,Q17,$E$3:E17,E17,$F$3:F17,"加")+COUNTIFS($Q$3:Q17,Q17,$E$3:E17,E17,$F$3:F17,"减")>1,"",IF(ISNUMBER(INDEX($P$3:$P$32,MATCH(Q17,$B$3:$B$32,0)))=FALSE,"上级无数值",IF(ABS(INDEX($P$3:$P$32,MATCH(Q17,$B$3:$B$32,0))-(SUMIFS($P$3:$P$32,$Q$3:$Q$32,Q17,$E$3:$E$32,E17,$F$3:$F$32,"加")-SUMIFS($P$3:$P$32,$Q$3:$Q$32,Q17,$E$3:$E$32,E17,$F$3:$F$32,"减")))<=MAX(0.05,ABS(INDEX($P$3:$P$32,MATCH(Q17,$B$3:$B$32,0)))*0.0005),"✓ 合计与上级一致","✗ 合计与上级相差 "&TEXT(INDEX($P$3:$P$32,MATCH(Q17,$B$3:$B$32,0))-(SUMIFS($P$3:$P$32,$Q$3:$Q$32,Q17,$E$3:$E$32,E17,$F$3:$F$32,"加")-SUMIFS($P$3:$P$32,$Q$3:$Q$32,Q17,$E$3:$E$32,E17,$F$3:$F$32,"减")),"#,##0.00")))))
B18: 1.1.2.5 | C18: 指标 | D18: 其他期限（建议补充） | E18: 按存款期限 | G18: ORG_PSON_OTR_TMDST_BAL | H18: 个人其他定期存款余额 | J18: 亿元 | K18: 越大越好 | M18: 待确认 | N18: 报表四个期限合计比个人定期存款少 2,151.85 亿元，是否就是“个人其他定期存款”？确认后把“加/减”改为“加” | O18: 报表未列示；数据湖有“个人其他定期存款余额” | Q18: =IF(B18="","",IFERROR(LEFT(B18,FIND("~",SUBSTITUTE(B18,".","~",LEN(B18)-LEN(SUBSTITUTE(B18,".",""))))-1),"")) | R18: =IF(OR(Q18="",AND(F18<>"加",F18<>"减")),"",IF(COUNTIFS($Q$3:Q18,Q18,$E$3:E18,E18,$F$3:F18,"加")+COUNTIFS($Q$3:Q18,Q18,$E$3:E18,E18,$F$3:F18,"减")>1,"",IF(ISNUMBER(INDEX($P$3:$P$32,MATCH(Q18,$B$3:$B$32,0)))=FALSE,"上级无数值",IF(ABS(INDEX($P$3:$P$32,MATCH(Q18,$B$3:$B$32,0))-(SUMIFS($P$3:$P$32,$Q$3:$Q$32,Q18,$E$3:$E$32,E18,$F$3:$F$32,"加")-SUMIFS($P$3:$P$32,$Q$3:$Q$32,Q18,$E$3:$E$32,E18,$F$3:$F$32,"减")))<=MAX(0.05,ABS(INDEX($P$3:$P$32,MATCH(Q18,$B$3:$B$32,0)))*0.0005),"✓ 合计与上级一致","✗ 合计与上级相差 "&TEXT(INDEX($P$3:$P$32,MATCH(Q18,$B$3:$B$32,0))-(SUMIFS($P$3:$P$32,$Q$3:$Q$32,Q18,$E$3:$E$32,E18,$F$3:$F$32,"加")-SUMIFS($P$3:$P$32,$Q$3:$Q$32,Q18,$E$3:$E$32,E18,$F$3:$F$32,"减")),"#,##0.00")))))
A19: 16 | B19: 1.2 | C19: 指标 | D19: 对公存款 | E19: 按客户类型 | F19: 加 | G19: ORG_CORP_DEPT_BAL | H19: 对公存款余额 | J19: 亿元 | K19: 越大越好 | L19: 是 | M19: 待对账 | P19: 11151 | Q19: =IF(B19="","",IFERROR(LEFT(B19,FIND("~",SUBSTITUTE(B19,".","~",LEN(B19)-LEN(SUBSTITUTE(B19,".",""))))-1),"")) | R19: =IF(OR(Q19="",AND(F19<>"加",F19<>"减")),"",IF(COUNTIFS($Q$3:Q19,Q19,$E$3:E19,E19,$F$3:F19,"加")+COUNTIFS($Q$3:Q19,Q19,$E$3:E19,E19,$F$3:F19,"减")>1,"",IF(ISNUMBER(INDEX($P$3:$P$32,MATCH(Q19,$B$3:$B$32,0)))=FALSE,"上级无数值",IF(ABS(INDEX($P$3:$P$32,MATCH(Q19,$B$3:$B$32,0))-(SUMIFS($P$3:$P$32,$Q$3:$Q$32,Q19,$E$3:$E$32,E19,$F$3:$F$32,"加")-SUMIFS($P$3:$P$32,$Q$3:$Q$32,Q19,$E$3:$E$32,E19,$F$3:$F$32,"减")))<=MAX(0.05,ABS(INDEX($P$3:$P$32,MATCH(Q19,$B$3:$B$32,0)))*0.0005),"✓ 合计与上级一致","✗ 合计与上级相差 "&TEXT(INDEX($P$3:$P$32,MATCH(Q19,$B$3:$B$32,0))-(SUMIFS($P$3:$P$32,$Q$3:$Q$32,Q19,$E$3:$E$32,E19,$F$3:$F$32,"加")-SUMIFS($P$3:$P$32,$Q$3:$Q$32,Q19,$E$3:$E$32,E19,$F$3:$F$32,"减")),"#,##0.00")))))
A20: 17 | C20: 比率 | D20: 对公存款占比 | G20: ORG_CORP_DEPT_BAL_PRPR | H20: 对公存款余额占比 | I20: 1.2 ÷ 1 | J20: % | K20: 无明显好坏 | M20: 待对账 | P20: 0.25120789 | Q20: =IF(B20="","",IFERROR(LEFT(B20,FIND("~",SUBSTITUTE(B20,".","~",LEN(B20)-LEN(SUBSTITUTE(B20,".",""))))-1),"")) | R20: =IF(OR(Q20="",AND(F20<>"加",F20<>"减")),"",IF(COUNTIFS($Q$3:Q20,Q20,$E$3:E20,E20,$F$3:F20,"加")+COUNTIFS($Q$3:Q20,Q20,$E$3:E20,E20,$F$3:F20,"减")>1,"",IF(ISNUMBER(INDEX($P$3:$P$32,MATCH(Q20,$B$3:$B$32,0)))=FALSE,"上级无数值",IF(ABS(INDEX($P$3:$P$32,MATCH(Q20,$B$3:$B$32,0))-(SUMIFS($P$3:$P$32,$Q$3:$Q$32,Q20,$E$3:$E$32,E20,$F$3:$F$32,"加")-SUMIFS($P$3:$P$32,$Q$3:$Q$32,Q20,$E$3:$E$32,E20,$F$3:$F$32,"减")))<=MAX(0.05,ABS(INDEX($P$3:$P$32,MATCH(Q20,$B$3:$B$32,0)))*0.0005),"✓ 合计与上级一致","✗ 合计与上级相差 "&TEXT(INDEX($P$3:$P$32,MATCH(Q20,$B$3:$B$32,0))-(SUMIFS($P$3:$P$32,$Q$3:$Q$32,Q20,$E$3:$E$32,E20,$F$3:$F$32,"加")-SUMIFS($P$3:$P$32,$Q$3:$Q$32,Q20,$E$3:$E$32,E20,$F$3:$F$32,"减")),"#,##0.00")))))
A21: 18 | B21: 1.2.1 | C21: 指标 | D21: 对公活期存款 | E21: 按存款类型 | F21: 加 | G21: ORG_CORP_DEDMDPT_BAL | H21: 对公活期存款余额 | J21: 亿元 | K21: 越大越好 | M21: 待对账 | P21: 3669.21 | Q21: =IF(B21="","",IFERROR(LEFT(B21,FIND("~",SUBSTITUTE(B21,".","~",LEN(B21)-LEN(SUBSTITUTE(B21,".",""))))-1),"")) | R21: =IF(OR(Q21="",AND(F21<>"加",F21<>"减")),"",IF(COUNTIFS($Q$3:Q21,Q21,$E$3:E21,E21,$F$3:F21,"加")+COUNTIFS($Q$3:Q21,Q21,$E$3:E21,E21,$F$3:F21,"减")>1,"",IF(ISNUMBER(INDEX($P$3:$P$32,MATCH(Q21,$B$3:$B$32,0)))=FALSE,"上级无数值",IF(ABS(INDEX($P$3:$P$32,MATCH(Q21,$B$3:$B$32,0))-(SUMIFS($P$3:$P$32,$Q$3:$Q$32,Q21,$E$3:$E$32,E21,$F$3:$F$32,"加")-SUMIFS($P$3:$P$32,$Q$3:$Q$32,Q21,$E$3:$E$32,E21,$F$3:$F$32,"减")))<=MAX(0.05,ABS(INDEX($P$3:$P$32,MATCH(Q21,$B$3:$B$32,0)))*0.0005),"✓ 合计与上级一致","✗ 合计与上级相差 "&TEXT(INDEX($P$3:$P$32,MATCH(Q21,$B$3:$B$32,0))-(SUMIFS($P$3:$P$32,$Q$3:$Q$32,Q21,$E$3:$E$32,E21,$F$3:$F$32,"加")-SUMIFS($P$3:$P$32,$Q$3:$Q$32,Q21,$E$3:$E$32,E21,$F$3:$F$32,"减")),"#,##0.00")))))
A22: 19 | C22: 比率 | D22: 对公活期存款占对公存款比 | G22: ORG_CORP_DEDMDPT_BAL_PRPR | H22: 对公活期存款余额占比 | I22: 1.2.1 ÷ 1.2 | J22: % | K22: 无明显好坏 | M22: 待对账 | O22: 报表分母是对公存款；数据湖现成指标的分母待对账确认 | P22: 0.32904762 | Q22: =IF(B22="","",IFERROR(LEFT(B22,FIND("~",SUBSTITUTE(B22,".","~",LEN(B22)-LEN(SUBSTITUTE(B22,".",""))))-1),"")) | R22: =IF(OR(Q22="",AND(F22<>"加",F22<>"减")),"",IF(COUNTIFS($Q$3:Q22,Q22,$E$3:E22,E22,$F$3:F22,"加")+COUNTIFS($Q$3:Q22,Q22,$E$3:E22,E22,$F$3:F22,"减")>1,"",IF(ISNUMBER(INDEX($P$3:$P$32,MATCH(Q22,$B$3:$B$32,0)))=FALSE,"上级无数值",IF(ABS(INDEX($P$3:$P$32,MATCH(Q22,$B$3:$B$32,0))-(SUMIFS($P$3:$P$32,$Q$3:$Q$32,Q22,$E$3:$E$32,E22,$F$3:$F$32,"加")-SUMIFS($P$3:$P$32,$Q$3:$Q$32,Q22,$E$3:$E$32,E22,$F$3:$F$32,"减")))<=MAX(0.05,ABS(INDEX($P$3:$P$32,MATCH(Q22,$B$3:$B$32,0)))*0.0005),"✓ 合计与上级一致","✗ 合计与上级相差 "&TEXT(INDEX($P$3:$P$32,MATCH(Q22,$B$3:$B$32,0))-(SUMIFS($P$3:$P$32,$Q$3:$Q$32,Q22,$E$3:$E$32,E22,$F$3:$F$32,"加")-SUMIFS($P$3:$P$32,$Q$3:$Q$32,Q22,$E$3:$E$32,E22,$F$3:$F$32,"减")),"#,##0.00")))))
A23: 20 | B23: 1.2.2 | C23: 指标 | D23: 对公定期存款 | E23: 按存款类型 | F23: 加 | G23: ORG_CORP_TMDST_BAL | H23: 对公定期存款余额 | J23: 亿元 | K23: 越大越好 | M23: 待对账 | P23: 7481.79 | Q23: =IF(B23="","",IFERROR(LEFT(B23,FIND("~",SUBSTITUTE(B23,".","~",LEN(B23)-LEN(SUBSTITUTE(B23,".",""))))-1),"")) | R23: =IF(OR(Q23="",AND(F23<>"加",F23<>"减")),"",IF(COUNTIFS($Q$3:Q23,Q23,$E$3:E23,E23,$F$3:F23,"加")+COUNTIFS($Q$3:Q23,Q23,$E$3:E23,E23,$F$3:F23,"减")>1,"",IF(ISNUMBER(INDEX($P$3:$P$32,MATCH(Q23,$B$3:$B$32,0)))=FALSE,"上级无数值",IF(ABS(INDEX($P$3:$P$32,MATCH(Q23,$B$3:$B$32,0))-(SUMIFS($P$3:$P$32,$Q$3:$Q$32,Q23,$E$3:$E$32,E23,$F$3:$F$32,"加")-SUMIFS($P$3:$P$32,$Q$3:$Q$32,Q23,$E$3:$E$32,E23,$F$3:$F$32,"减")))<=MAX(0.05,ABS(INDEX($P$3:$P$32,MATCH(Q23,$B$3:$B$32,0)))*0.0005),"✓ 合计与上级一致","✗ 合计与上级相差 "&TEXT(INDEX($P$3:$P$32,MATCH(Q23,$B$3:$B$32,0))-(SUMIFS($P$3:$P$32,$Q$3:$Q$32,Q23,$E$3:$E$32,E23,$F$3:$F$32,"加")-SUMIFS($P$3:$P$32,$Q$3:$Q$32,Q23,$E$3:$E$32,E23,$F$3:$F$32,"减")),"#,##0.00")))))
A24: 21 | C24: 比率 | D24: 对公定期存款占对公存款比 | I24: 1.2.2 ÷ 1.2 | J24: % | K24: 无明显好坏 | M24: 待对账 | O24: 数据湖无现成指标，按计算方式得出 | P24: 0.67095238 | Q24: =IF(B24="","",IFERROR(LEFT(B24,FIND("~",SUBSTITUTE(B24,".","~",LEN(B24)-LEN(SUBSTITUTE(B24,".",""))))-1),"")) | R24: =IF(OR(Q24="",AND(F24<>"加",F24<>"减")),"",IF(COUNTIFS($Q$3:Q24,Q24,$E$3:E24,E24,$F$3:F24,"加")+COUNTIFS($Q$3:Q24,Q24,$E$3:E24,E24,$F$3:F24,"减")>1,"",IF(ISNUMBER(INDEX($P$3:$P$32,MATCH(Q24,$B$3:$B$32,0)))=FALSE,"上级无数值",IF(ABS(INDEX($P$3:$P$32,MATCH(Q24,$B$3:$B$32,0))-(SUMIFS($P$3:$P$32,$Q$3:$Q$32,Q24,$E$3:$E$32,E24,$F$3:$F$32,"加")-SUMIFS($P$3:$P$32,$Q$3:$Q$32,Q24,$E$3:$E$32,E24,$F$3:$F$32,"减")))<=MAX(0.05,ABS(INDEX($P$3:$P$32,MATCH(Q24,$B$3:$B$32,0)))*0.0005),"✓ 合计与上级一致","✗ 合计与上级相差 "&TEXT(INDEX($P$3:$P$32,MATCH(Q24,$B$3:$B$32,0))-(SUMIFS($P$3:$P$32,$Q$3:$Q$32,Q24,$E$3:$E$32,E24,$F$3:$F$32,"加")-SUMIFS($P$3:$P$32,$Q$3:$Q$32,Q24,$E$3:$E$32,E24,$F$3:$F$32,"减")),"#,##0.00")))))
A25: 22 | B25: 1.2.3 | C25: 指标 | D25: 保证金存款 | E25: 其中项 | F25: 其中 | G25: ORG_CORP_MRGN_DEPT_BAL | H25: 对公保证金存款余额 | J25: 亿元 | K25: 无明显好坏 | M25: 待对账 | O25: 报表以“其中”列示，与活期/定期交叉，不参与加总 | P25: 1774.99 | Q25: =IF(B25="","",IFERROR(LEFT(B25,FIND("~",SUBSTITUTE(B25,".","~",LEN(B25)-LEN(SUBSTITUTE(B25,".",""))))-1),"")) | R25: =IF(OR(Q25="",AND(F25<>"加",F25<>"减")),"",IF(COUNTIFS($Q$3:Q25,Q25,$E$3:E25,E25,$F$3:F25,"加")+COUNTIFS($Q$3:Q25,Q25,$E$3:E25,E25,$F$3:F25,"减")>1,"",IF(ISNUMBER(INDEX($P$3:$P$32,MATCH(Q25,$B$3:$B$32,0)))=FALSE,"上级无数值",IF(ABS(INDEX($P$3:$P$32,MATCH(Q25,$B$3:$B$32,0))-(SUMIFS($P$3:$P$32,$Q$3:$Q$32,Q25,$E$3:$E$32,E25,$F$3:$F$32,"加")-SUMIFS($P$3:$P$32,$Q$3:$Q$32,Q25,$E$3:$E$32,E25,$F$3:$F$32,"减")))<=MAX(0.05,ABS(INDEX($P$3:$P$32,MATCH(Q25,$B$3:$B$32,0)))*0.0005),"✓ 合计与上级一致","✗ 合计与上级相差 "&TEXT(INDEX($P$3:$P$32,MATCH(Q25,$B$3:$B$32,0))-(SUMIFS($P$3:$P$32,$Q$3:$Q$32,Q25,$E$3:$E$32,E25,$F$3:$F$32,"加")-SUMIFS($P$3:$P$32,$Q$3:$Q$32,Q25,$E$3:$E$32,E25,$F$3:$F$32,"减")),"#,##0.00")))))
A26: 23 | C26: 比率 | D26: 保证金存款占对公存款比 | I26: 1.2.3 ÷ 1.2 | J26: % | K26: 无明显好坏 | M26: 待对账 | P26: 0.15917765 | Q26: =IF(B26="","",IFERROR(LEFT(B26,FIND("~",SUBSTITUTE(B26,".","~",LEN(B26)-LEN(SUBSTITUTE(B26,".",""))))-1),"")) | R26: =IF(OR(Q26="",AND(F26<>"加",F26<>"减")),"",IF(COUNTIFS($Q$3:Q26,Q26,$E$3:E26,E26,$F$3:F26,"加")+COUNTIFS($Q$3:Q26,Q26,$E$3:E26,E26,$F$3:F26,"减")>1,"",IF(ISNUMBER(INDEX($P$3:$P$32,MATCH(Q26,$B$3:$B$32,0)))=FALSE,"上级无数值",IF(ABS(INDEX($P$3:$P$32,MATCH(Q26,$B$3:$B$32,0))-(SUMIFS($P$3:$P$32,$Q$3:$Q$32,Q26,$E$3:$E$32,E26,$F$3:$F$32,"加")-SUMIFS($P$3:$P$32,$Q$3:$Q$32,Q26,$E$3:$E$32,E26,$F$3:$F$32,"减")))<=MAX(0.05,ABS(INDEX($P$3:$P$32,MATCH(Q26,$B$3:$B$32,0)))*0.0005),"✓ 合计与上级一致","✗ 合计与上级相差 "&TEXT(INDEX($P$3:$P$32,MATCH(Q26,$B$3:$B$32,0))-(SUMIFS($P$3:$P$32,$Q$3:$Q$32,Q26,$E$3:$E$32,E26,$F$3:$F$32,"加")-SUMIFS($P$3:$P$32,$Q$3:$Q$32,Q26,$E$3:$E$32,E26,$F$3:$F$32,"减")),"#,##0.00")))))
A27: 24 | B27: 1.2.4 | C27: 指标 | D27: 非银存款 | E27: 其中项 | F27: 其中 | J27: 亿元 | K27: 无明显好坏 | M27: 数据湖无此指标 | N27: 数据湖中按名称找不到“非银存款”，对应哪个指标编号？ | O27: 报表以“其中”列示，不参与加总 | P27: 488.34 | Q27: =IF(B27="","",IFERROR(LEFT(B27,FIND("~",SUBSTITUTE(B27,".","~",LEN(B27)-LEN(SUBSTITUTE(B27,".",""))))-1),"")) | R27: =IF(OR(Q27="",AND(F27<>"加",F27<>"减")),"",IF(COUNTIFS($Q$3:Q27,Q27,$E$3:E27,E27,$F$3:F27,"加")+COUNTIFS($Q$3:Q27,Q27,$E$3:E27,E27,$F$3:F27,"减")>1,"",IF(ISNUMBER(INDEX($P$3:$P$32,MATCH(Q27,$B$3:$B$32,0)))=FALSE,"上级无数值",IF(ABS(INDEX($P$3:$P$32,MATCH(Q27,$B$3:$B$32,0))-(SUMIFS($P$3:$P$32,$Q$3:$Q$32,Q27,$E$3:$E$32,E27,$F$3:$F$32,"加")-SUMIFS($P$3:$P$32,$Q$3:$Q$32,Q27,$E$3:$E$32,E27,$F$3:$F$32,"减")))<=MAX(0.05,ABS(INDEX($P$3:$P$32,MATCH(Q27,$B$3:$B$32,0)))*0.0005),"✓ 合计与上级一致","✗ 合计与上级相差 "&TEXT(INDEX($P$3:$P$32,MATCH(Q27,$B$3:$B$32,0))-(SUMIFS($P$3:$P$32,$Q$3:$Q$32,Q27,$E$3:$E$32,E27,$F$3:$F$32,"加")-SUMIFS($P$3:$P$32,$Q$3:$Q$32,Q27,$E$3:$E$32,E27,$F$3:$F$32,"减")),"#,##0.00")))))
A28: 25 | C28: 比率 | D28: 非银存款占对公存款比 | I28: 1.2.4 ÷ 1.2 | J28: % | K28: 无明显好坏 | M28: 数据湖无此指标 | P28: 0.043793382 | Q28: =IF(B28="","",IFERROR(LEFT(B28,FIND("~",SUBSTITUTE(B28,".","~",LEN(B28)-LEN(SUBSTITUTE(B28,".",""))))-1),"")) | R28: =IF(OR(Q28="",AND(F28<>"加",F28<>"减")),"",IF(COUNTIFS($Q$3:Q28,Q28,$E$3:E28,E28,$F$3:F28,"加")+COUNTIFS($Q$3:Q28,Q28,$E$3:E28,E28,$F$3:F28,"减")>1,"",IF(ISNUMBER(INDEX($P$3:$P$32,MATCH(Q28,$B$3:$B$32,0)))=FALSE,"上级无数值",IF(ABS(INDEX($P$3:$P$32,MATCH(Q28,$B$3:$B$32,0))-(SUMIFS($P$3:$P$32,$Q$3:$Q$32,Q28,$E$3:$E$32,E28,$F$3:$F$32,"加")-SUMIFS($P$3:$P$32,$Q$3:$Q$32,Q28,$E$3:$E$32,E28,$F$3:$F$32,"减")))<=MAX(0.05,ABS(INDEX($P$3:$P$32,MATCH(Q28,$B$3:$B$32,0)))*0.0005),"✓ 合计与上级一致","✗ 合计与上级相差 "&TEXT(INDEX($P$3:$P$32,MATCH(Q28,$B$3:$B$32,0))-(SUMIFS($P$3:$P$32,$Q$3:$Q$32,Q28,$E$3:$E$32,E28,$F$3:$F$32,"加")-SUMIFS($P$3:$P$32,$Q$3:$Q$32,Q28,$E$3:$E$32,E28,$F$3:$F$32,"减")),"#,##0.00")))))
A29: 26 | B29: 2 | C29: 指标 | D29: 存款市场份额 | G29: ORG_DEPT_MRKT_SHR_RT | H29: 存款市场份额比率 | J29: % | K29: 越大越好 | M29: 待对账 | O29: 报表 2026年7月末为“待公布” | P29: 待公布 | Q29: =IF(B29="","",IFERROR(LEFT(B29,FIND("~",SUBSTITUTE(B29,".","~",LEN(B29)-LEN(SUBSTITUTE(B29,".",""))))-1),"")) | R29: =IF(OR(Q29="",AND(F29<>"加",F29<>"减")),"",IF(COUNTIFS($Q$3:Q29,Q29,$E$3:E29,E29,$F$3:F29,"加")+COUNTIFS($Q$3:Q29,Q29,$E$3:E29,E29,$F$3:F29,"减")>1,"",IF(ISNUMBER(INDEX($P$3:$P$32,MATCH(Q29,$B$3:$B$32,0)))=FALSE,"上级无数值",IF(ABS(INDEX($P$3:$P$32,MATCH(Q29,$B$3:$B$32,0))-(SUMIFS($P$3:$P$32,$Q$3:$Q$32,Q29,$E$3:$E$32,E29,$F$3:$F$32,"加")-SUMIFS($P$3:$P$32,$Q$3:$Q$32,Q29,$E$3:$E$32,E29,$F$3:$F$32,"减")))<=MAX(0.05,ABS(INDEX($P$3:$P$32,MATCH(Q29,$B$3:$B$32,0)))*0.0005),"✓ 合计与上级一致","✗ 合计与上级相差 "&TEXT(INDEX($P$3:$P$32,MATCH(Q29,$B$3:$B$32,0))-(SUMIFS($P$3:$P$32,$Q$3:$Q$32,Q29,$E$3:$E$32,E29,$F$3:$F$32,"加")-SUMIFS($P$3:$P$32,$Q$3:$Q$32,Q29,$E$3:$E$32,E29,$F$3:$F$32,"减")),"#,##0.00")))))
A30: 27 | C30: 比率 | D30: 全部3年期以上存款占比 | G30: A：ORG_Y3_MATU_ABV_TMDST_BAL_PRPR；B：ORG_THRYRTEM_ABV_TMDST_BAL_PRPR | H30: A：三年期限及以上定期存款余额占比；B：三年期限以上定期存款余额占比 | I30: 三年期以上定期存款 ÷ 各项存款 | J30: % | K30: 无明显好坏 | M30: 待确认 | N30: 数据湖有“三年期限及以上”和“三年期限以上”两个指标，报表用哪个？ | O30: 季度指标 | P30: 季度指标 | Q30: =IF(B30="","",IFERROR(LEFT(B30,FIND("~",SUBSTITUTE(B30,".","~",LEN(B30)-LEN(SUBSTITUTE(B30,".",""))))-1),"")) | R30: =IF(OR(Q30="",AND(F30<>"加",F30<>"减")),"",IF(COUNTIFS($Q$3:Q30,Q30,$E$3:E30,E30,$F$3:F30,"加")+COUNTIFS($Q$3:Q30,Q30,$E$3:E30,E30,$F$3:F30,"减")>1,"",IF(ISNUMBER(INDEX($P$3:$P$32,MATCH(Q30,$B$3:$B$32,0)))=FALSE,"上级无数值",IF(ABS(INDEX($P$3:$P$32,MATCH(Q30,$B$3:$B$32,0))-(SUMIFS($P$3:$P$32,$Q$3:$Q$32,Q30,$E$3:$E$32,E30,$F$3:$F$32,"加")-SUMIFS($P$3:$P$32,$Q$3:$Q$32,Q30,$E$3:$E$32,E30,$F$3:$F$32,"减")))<=MAX(0.05,ABS(INDEX($P$3:$P$32,MATCH(Q30,$B$3:$B$32,0)))*0.0005),"✓ 合计与上级一致","✗ 合计与上级相差 "&TEXT(INDEX($P$3:$P$32,MATCH(Q30,$B$3:$B$32,0))-(SUMIFS($P$3:$P$32,$Q$3:$Q$32,Q30,$E$3:$E$32,E30,$F$3:$F$32,"加")-SUMIFS($P$3:$P$32,$Q$3:$Q$32,Q30,$E$3:$E$32,E30,$F$3:$F$32,"减")),"#,##0.00")))))
A31: 28 | C31: 比率 | D31: 活期存款占比（不含协定存款） | G31: A：ORG_DEDMDPT_BAL；B：ORG_CORP_AGRMT_DEPT_BAL | H31: A：活期存款余额_含协定；B：对公协定存款余额 | I31: (A − B) ÷ 1 | J31: % | K31: 越大越好 | M31: 待确认 | N31: 是否 = (活期存款_含协定 − 对公协定存款) ÷ 各项存款？另：个人活期 + 对公活期 占各项存款为 18.74%，与报表 18.99% 不一致，报表的“活期存款”还包含什么？ | P31: 0.1899 | Q31: =IF(B31="","",IFERROR(LEFT(B31,FIND("~",SUBSTITUTE(B31,".","~",LEN(B31)-LEN(SUBSTITUTE(B31,".",""))))-1),"")) | R31: =IF(OR(Q31="",AND(F31<>"加",F31<>"减")),"",IF(COUNTIFS($Q$3:Q31,Q31,$E$3:E31,E31,$F$3:F31,"加")+COUNTIFS($Q$3:Q31,Q31,$E$3:E31,E31,$F$3:F31,"减")>1,"",IF(ISNUMBER(INDEX($P$3:$P$32,MATCH(Q31,$B$3:$B$32,0)))=FALSE,"上级无数值",IF(ABS(INDEX($P$3:$P$32,MATCH(Q31,$B$3:$B$32,0))-(SUMIFS($P$3:$P$32,$Q$3:$Q$32,Q31,$E$3:$E$32,E31,$F$3:$F$32,"加")-SUMIFS($P$3:$P$32,$Q$3:$Q$32,Q31,$E$3:$E$32,E31,$F$3:$F$32,"减")))<=MAX(0.05,ABS(INDEX($P$3:$P$32,MATCH(Q31,$B$3:$B$32,0)))*0.0005),"✓ 合计与上级一致","✗ 合计与上级相差 "&TEXT(INDEX($P$3:$P$32,MATCH(Q31,$B$3:$B$32,0))-(SUMIFS($P$3:$P$32,$Q$3:$Q$32,Q31,$E$3:$E$32,E31,$F$3:$F$32,"加")-SUMIFS($P$3:$P$32,$Q$3:$Q$32,Q31,$E$3:$E$32,E31,$F$3:$F$32,"减")),"#,##0.00")))))
A32: 29 | C32: 比率 | D32: 活期存款占比（含协定存款） | G32: ORG_DEDMDPT_BAL_PRPR | H32: 活期存款余额占比_含协定 | I32: 活期存款（含协定） ÷ 1 | J32: % | K32: 越大越好 | M32: 待对账 | P32: 0.2243 | Q32: =IF(B32="","",IFERROR(LEFT(B32,FIND("~",SUBSTITUTE(B32,".","~",LEN(B32)-LEN(SUBSTITUTE(B32,".",""))))-1),"")) | R32: =IF(OR(Q32="",AND(F32<>"加",F32<>"减")),"",IF(COUNTIFS($Q$3:Q32,Q32,$E$3:E32,E32,$F$3:F32,"加")+COUNTIFS($Q$3:Q32,Q32,$E$3:E32,E32,$F$3:F32,"减")>1,"",IF(ISNUMBER(INDEX($P$3:$P$32,MATCH(Q32,$B$3:$B$32,0)))=FALSE,"上级无数值",IF(ABS(INDEX($P$3:$P$32,MATCH(Q32,$B$3:$B$32,0))-(SUMIFS($P$3:$P$32,$Q$3:$Q$32,Q32,$E$3:$E$32,E32,$F$3:$F$32,"加")-SUMIFS($P$3:$P$32,$Q$3:$Q$32,Q32,$E$3:$E$32,E32,$F$3:$F$32,"减")))<=MAX(0.05,ABS(INDEX($P$3:$P$32,MATCH(Q32,$B$3:$B$32,0)))*0.0005),"✓ 合计与上级一致","✗ 合计与上级相差 "&TEXT(INDEX($P$3:$P$32,MATCH(Q32,$B$3:$B$32,0))-(SUMIFS($P$3:$P$32,$Q$3:$Q$32,Q32,$E$3:$E$32,E32,$F$3:$F$32,"加")-SUMIFS($P$3:$P$32,$Q$3:$Q$32,Q32,$E$3:$E$32,E32,$F$3:$F$32,"减")),"#,##0.00")))))

Sheet 口径字典
B1: 来自数据湖，全部指标共用 | C1: 数据湖编号 = 基础指标编号 + 后缀，如 ORG_VRS_DEPT_BAL + _CMPBGNYR = 各项存款较年初 | D1: 当前目录 371 个基础指标中带有该口径的数量 | E1: 最重要的一列，请数据方确认算法 | F1: 本地测试数据验证 / 按名称推测 / 待数据方说明 | G1: 用户这样说时按该口径理解；多个用“、”分隔 | H1: 一览表中对应的列 | I1: 用户没说口径时采用；全表只标一个“是” | J1: 指标本身是比率（如占比）时该口径的含义 | K1: 仅排名类
A2: 序号 | B2: 口径名称 | C2: 编码后缀 | D2: 有该口径的指标数 | E2: 含义（和什么比、怎么算） | F2: 依据 | G2: 用户常见说法 | H2: 对应报表列 | I2: 默认口径 | J2: 比率类指标时 | K2: 排名方向 | L2: 状态 | M2: 备注 / 答复
A3: 1 | B3: 当日数 | C3: （无后缀） | D3: 370 | E3: 指定日期的时点值（余额） | F3: 按名称推测 | G3: 余额、时点数、当日数、有多少 | H3: 2024年末、2025年末、2026年7月末等日期列 | I3: 是（建议） | J3: 比率本身 | L3: 待确认
A4: 2 | B4: 较上月 | C4: _CMPRLATMO | D4: 371 | E4: 当日数 − 上月末当日数 | F4: 本地测试数据验证一致（需在真实数据上复核） | G4: 比上月、环比增加、较上月增加 | J4: 百分点差（推测） | L4: 待确认
A5: 3 | B5: 较上月增幅 | C5: _CMPRLATMO_INCRRNG | D5: 371 | E5: 较上月 ÷ 上月末当日数 | F5: 本地测试数据验证一致（需在真实数据上复核） | G5: 环比增幅、环比增长率 | J5: 不适用（推测） | L5: 待确认
A6: 4 | B6: 较上月增量排名 | C6: _CMPRLATMO_RNKN | D6: 371 | E6: 按“较上月”在全省 60 家中的名次 | F6: 按名称推测 | G6: 环比增量排名 | K6: 名次 1 为数值最大（待确认）；对“越小越好”的指标需反向理解 | L6: 待确认
A7: 5 | B7: 较上月增幅排名 | C7: _CMPRLATMO_INCRRNG_RNKN | D7: 371 | E7: 按“较上月增幅”在全省 60 家中的名次 | F7: 按名称推测 | G7: 环比增速排名 | K7: 名次 1 为数值最大（待确认）；对“越小越好”的指标需反向理解 | L7: 待确认
A8: 6 | B8: 较上季 | C8: _CMPRPVSQRT | D8: 371 | E8: 当日数 − 三个月前同一天的当日数（如 7/31 对比 4/30） | F8: 本地测试数据验证一致（需在真实数据上复核） | G8: 比上季、较上季增加 | J8: 百分点差（推测） | L8: 待确认 | M8: 注意：不是对比上季末
A9: 7 | B9: 较上季增幅 | C9: _CMPRPVSQRT_INCRRNG | D9: 371 | E9: 较上季 ÷ 三个月前同一天的当日数 | F9: 按名称推测 | G9: 较上季增长率 | J9: 不适用（推测） | L9: 待确认
A10: 8 | B10: 较上季增量排名 | C10: _CMPRPVSQRT_RNKN | D10: 371 | E10: 按“较上季”在全省 60 家中的名次 | F10: 按名称推测 | K10: 名次 1 为数值最大（待确认）；对“越小越好”的指标需反向理解 | L10: 待确认
A11: 9 | B11: 较上季增幅排名 | C11: _CMPRPVSQRT_INCRRNG_RNKN | D11: 371 | E11: 按“较上季增幅”在全省 60 家中的名次 | F11: 按名称推测 | K11: 名次 1 为数值最大（待确认）；对“越小越好”的指标需反向理解 | L11: 待确认
A12: 10 | B12: 较年初 | C12: _CMPBGNYR | D12: 371 | E12: 当日数 − 上年末当日数 | F12: 本地测试数据验证一致（需在真实数据上复核） | G12: 比年初、较年初增加、今年以来增加 | H12: 较年初增加 | J12: 百分点差（报表中比率行的较年初即百分点差） | L12: 待确认 | M12: 目录中各项存款“较年初”单位为亿元、“当日数”为元，单位不一致，请数据方核实
A13: 11 | B13: 较年初增幅 | C13: _CMPBGNYR_INCRRNG | D13: 371 | E13: 较年初 ÷ 上年末当日数 | F13: 本地测试数据验证一致（需在真实数据上复核） | G13: 较年初增长率、今年以来增长率 | H13: 较年初增幅 | J13: 不适用 | L13: 待确认
A14: 12 | B14: 较年初增量排名 | C14: _CMPBGNYR_RNKN | D14: 371 | E14: 按“较年初”在全省 60 家中的名次 | F14: 按名称推测 | G14: 较年初增量排名 | K14: 名次 1 为数值最大（待确认）；对“越小越好”的指标需反向理解 | L14: 待确认
A15: 13 | B15: 较年初增幅排名 | C15: _CMPBGNYR_INCRRNG_RNKN | D15: 371 | E15: 按“较年初增幅”在全省 60 家中的名次 | F15: 按名称推测 | G15: 较年初增速排名 | K15: 名次 1 为数值最大（待确认）；对“越小越好”的指标需反向理解 | L15: 待确认
A16: 14 | B16: 较年初增幅层级排名 | C16: _CMPBGNYR_INCRRNG_HIER_RNKN | D16: 3 | E16: 按“较年初增幅”在同层级机构中的名次 | F16: 按名称推测 | K16: 名次 1 为数值最大（待确认）；对“越小越好”的指标需反向理解 | L16: 待确认 | M16: “层级”的含义待说明
A17: 15 | B17: 较同期 | C17: _CMP_SAMEPRD | D17: 370 | E17: 当日数 − 上年同一天的当日数 | F17: 按名称推测 | G17: 同比增加、比去年同期 | J17: 百分点差（推测） | L17: 待确认 | M17: 本地测试数据无上年数据，无法验证
A18: 16 | B18: 较同期增幅 | C18: _CMP_SAMEPRD_INCRRNG | D18: 371 | E18: 较同期 ÷ 上年同一天的当日数 | F18: 按名称推测 | G18: 同比、同比增长率 | J18: 不适用（推测） | L18: 待确认
A19: 17 | B19: 较同期增量排名 | C19: _CMP_SAMEPRD_RNKN | D19: 371 | E19: 按“较同期”在全省 60 家中的名次 | F19: 按名称推测 | G19: 同比增量排名 | K19: 名次 1 为数值最大（待确认）；对“越小越好”的指标需反向理解 | L19: 待确认
A20: 18 | B20: 较同期增幅排名 | C20: _CMP_SAMEPRD_INCRRNG_RNKN | D20: 371 | E20: 按“较同期增幅”在全省 60 家中的名次 | F20: 按名称推测 | G20: 同比增速排名 | K20: 名次 1 为数值最大（待确认）；对“越小越好”的指标需反向理解 | L20: 待确认
A21: 19 | B21: 较同期期末 | C21: _CMP_SAMEPRD_TERMEND | D21: 371 | E21: （待说明） | F21: 待数据方说明 | L21: 待确认 | M21: 本地测试数据中与“较年初”数值完全相同，含义需数据方说明
A22: 20 | B22: 较同期期末增幅 | C22: _CMP_SAMEPRD_TERMEND_INCRRNG | D22: 371 | E22: （待说明） | F22: 待数据方说明 | L22: 待确认
A23: 21 | B23: 较同期期末增量排名 | C23: _CMP_SAMEPRD_TERMEND_RNKN | D23: 371 | E23: （待说明） | F23: 待数据方说明 | K23: 名次 1 为数值最大（待确认）；对“越小越好”的指标需反向理解 | L23: 待确认
A24: 22 | B24: 较同期期末增幅排名 | C24: _CMP_SAMEPRD_TERMEND_INCRRNG_RNKN | D24: 371 | E24: （待说明） | F24: 待数据方说明 | K24: 名次 1 为数值最大（待确认）；对“越小越好”的指标需反向理解 | L24: 待确认
A25: 23 | B25: 全省均值 | C25: _WHLPROV_MEANVL | D25: 371 | E25: 全省 60 家农商行当日数的平均值（不含联合银行） | F25: 本地测试数据验证一致（需在真实数据上复核） | G25: 全省平均 | L25: 待确认
A26: 24 | B26: 较全省均值 | C26: _CMPWHLPROV_MEANVL | D26: 371 | E26: 当日数 − 全省均值 | F26: 本地测试数据验证一致（需在真实数据上复核） | G26: 比全省平均高（低）多少 | L26: 待确认
A27: 25 | B27: 较全省均值增量排名 | C27: _CMPWHLPROV_MEANVL_RNKN | D27: 371 | E27: 按“较全省均值”在全省 60 家中的名次 | F27: 按名称推测 | K27: 名次 1 为数值最大（待确认）；对“越小越好”的指标需反向理解 | L27: 待确认
A28: 26 | B28: 当日数排名 | C28: _RNKN | D28: 371 | E28: 当日数在全省 60 家中的名次 | F28: 本地测试数据验证一致（需在真实数据上复核） | G28: 排第几、排名 | K28: 名次 1 为数值最大（本地数据：当日数最大的机构名次为 1） | L28: 待确认 | M28: 对“越小越好”的指标（如不良率）名次含义需确认
A29: 27 | B29: 当日数地区排名 | C29: _RGON_RNKN | D29: 3 | E29: 当日数在所在地区内的名次 | F29: 按名称推测 | G29: 地区排名 | K29: 名次 1 为数值最大（待确认）；对“越小越好”的指标需反向理解 | L29: 待确认 | M29: 仅少数指标有此口径
A30: 28 | B30: 层级排名 | C30: _HIER_RNKN | D30: 3 | E30: （待说明） | F30: 待数据方说明 | K30: 名次 1 为数值最大（待确认）；对“越小越好”的指标需反向理解 | L30: 待确认 | M30: 仅少数指标有此口径
A31: 29 | B31: 较层级均值 | C31: _CMPSAMELV | D31: 3 | E31: （待说明） | F31: 待数据方说明 | L31: 待确认 | M31: 仅少数指标有此口径
A32: 30 | B32: 进取类均值 | C32: _AGGRES_CLASS_MEANVL | D32: 3 | E32: 进取类农商行的均值（推测） | F32: 待数据方说明 | L32: 待确认 | M32: 仅少数指标有此口径；分类标准待说明
A33: 31 | B33: 提升类均值 | C33: _EXLT_CLASS_MEANVL | D33: 3 | E33: 提升类农商行的均值（推测） | F33: 待数据方说明 | L33: 待确认 | M33: 同上
A34: 32 | B34: 拓展类均值 | C34: _EXPNCATG_MEANVL | D34: 3 | E34: 拓展类农商行的均值（推测） | F34: 待数据方说明 | L34: 待确认 | M34: 同上
A35: 33 | B35: 成长类均值 | C35: _GRWT_CLASS_MEANVL | D35: 3 | E35: 成长类农商行的均值（推测） | F35: 待数据方说明 | L35: 待确认 | M35: 同上

Sheet 报表列对应
E1: 用报表自身数值按左侧方法计算
A2: 报表列 | B2: 对应口径 | C2: 取数日期 | D2: 取数 / 计算方法 | E2: 以“各项存款”验证 | F2: 报表数值 | G2: 是否一致
A3: 2024年末、2025年7月末、2025年末、2026年3月末、2026年6月末、2026年7月末 | B3: 当日数 | C3: 各列对应月末 | D3: 直接取该日期的当日数
A4: 较年初增加（2026年7月末） | B4: 较年初 | C4: 2026-07-31 | D4: 当日数(2026-07-31) − 当日数(2025-12-31) | E4: ='报表数值（对账用）'!J3-'报表数值（对账用）'!G3 | F4: ='报表数值（对账用）'!K3 | G4: =IF(ABS(E4-F4)<=0.02,"✓ 一致","✗ 不一致")
A5: 较年初增幅（2026年7月末） | B5: 较年初增幅 | C5: 2026-07-31 | D5: 较年初 ÷ 当日数(2025-12-31) | E5: ='报表数值（对账用）'!K3/'报表数值（对账用）'!G3 | F5: ='报表数值（对账用）'!M3 | G5: =IF(ABS(E5-F5)<=0.0002,"✓ 一致","✗ 不一致")
A6: 较年初增加（2025年7月末） | B6: 较年初 | C6: 2025-07-31 | D6: 当日数(2025-07-31) − 当日数(2024-12-31) | E6: ='报表数值（对账用）'!D3-'报表数值（对账用）'!C3 | F6: ='报表数值（对账用）'!E3 | G6: =IF(ABS(E6-F6)<=0.02,"✓ 一致","✗ 不一致")
A7: 较年初增量同比 | B7: （无现成口径，由系统计算） | D7: 较年初(2026-07-31) − 较年初(2025-07-31) | E7: ='报表数值（对账用）'!K3-'报表数值（对账用）'!E3 | F7: ='报表数值（对账用）'!L3 | G7: =IF(ABS(E7-F7)<=0.02,"✓ 一致","✗ 不一致")
A8: 较年初增幅同比 | B8: （无现成口径，由系统计算） | D8: 较年初增幅(2026-07-31) − 较年初增幅(2025-07-31)，单位为百分点 | E8: ='报表数值（对账用）'!M3-'报表数值（对账用）'!F3 | F8: ='报表数值（对账用）'!N3 | G8: =IF(ABS(E8-F8)<=0.0002,"✓ 一致","✗ 不一致")
A9: 比率行（如“个人存款占比”）的较年初增加 | B9: 较年初 | C9: 2026-07-31 | D9: 本期比率 − 上年末比率，单位为百分点 | E9: ='报表数值（对账用）'!J5-'报表数值（对账用）'!G5 | F9: ='报表数值（对账用）'!K5 | G9: =IF(ABS(E9-F9)<=0.0002,"✓ 一致","✗ 不一致")
A10: 报表范围“全省” | B10: — | C10: — | D10: 对应“江苏农商联合银行”或 60 家农商行合计，待对账确认
A12: 说明：增幅类按小数存储（6.71% 即 0.0671）；报表数值取整后计算，容差为 0.02 亿元或 0.02 个百分点。

Sheet 报表数值（对账用）
A2: 报表序号 | B2: 项目名称 | C2: 2024年末 | D2: 2025年7月末 | E2: 较年初增加（2025年7月末） | F2: 较年初增幅（2025年7月末） | G2: 2025年末 | H2: 2026年3月末 | I2: 2026年6月末 | J2: 2026年7月末 | K2: 较年初增加（2026年7月末） | L2: 较年初增量同比 | M2: 较年初增幅（2026年7月末） | N2: 较年初增幅同比
A3: 1 | B3: 各项存款（亿元） | C3: 38354.11 | D3: 41225.95 | E3: 2871.84 | F3: 0.074876982 | G3: 41596.35 | H3: 43932.96 | I3: 44443.06 | J3: 44389.53 | K3: 2793.18 | L3: -78.66 | M3: 0.067149642 | N3: -0.0077273402
A4: 2 | B4: 1.个人存款（亿元） | C4: 28350 | D4: 30918.34 | E4: 2568.34 | F4: 0.090594004 | G4: 31288.85 | H4: 32708.327 | I4: 33119.565 | J4: 33238.53 | K4: 1949.68 | L4: -618.66 | M4: 0.062312293 | N4: -0.02828171
A5: 3 | B5: 个人存款占比（%） | C5: 0.73916459 | D5: 0.74997277 | E5: 0.010808182 | F5: ---- | G5: 0.75220182 | H5: 0.74450542 | I5: 0.74521343 | J5: 0.74879211 | K5: -0.003409702 | L5: -0.014217884 | M5: ---- | N5: ----
A6: 4 | B6: 1.1.1个人活期存款（亿元） | C6: 4554.1873 | D6: 4481.49 | E6: -72.6973 | F6: -0.015962738 | G6: 4836.02 | H6: 4500.1709 | I6: 4626.0182 | J6: 4647.3801 | K6: -188.63994 | L6: -115.94264 | M6: -0.039007271 | N6: -0.023044533
A7: 5 | B7: 个人活期存款占个人存款比（%） | C7: 0.16064153 | D7: 0.14494601 | E7: -0.015695518 | F7: ---- | G7: 0.15456049 | H7: 0.13758487 | I7: 0.13967629 | J7: 0.13981906 | K7: -0.014741429 | L7: 0.00095408863 | M7: ---- | N7: ----
A8: 6 | B8: 1.1.2个人定期存款（亿元） | C8: 23795.82 | D8: 26436.84 | E8: 2641.02 | F8: 0.11098672 | G8: 26452.83 | H8: 28208.156 | I8: 28493.547 | J8: 28591.15 | K8: 2138.3199 | L8: -502.70006 | M8: 0.080835205 | N8: -0.030151514
A9: 7 | B9: 个人定期存款占个人存款比（%） | C9: 0.83935873 | D9: 0.85505367 | E9: 0.015694937 | F9: ---- | G9: 0.84543951 | H9: 0.86241513 | I9: 0.86032371 | J9: 0.86018094 | K9: 0.014741429 | L9: -0.0009535077 | M9: ---- | N9: ----
A10: 8 | B10: 其中：一年期及以下（亿元） | C10: 6102.0713 | D10: 7207.66 | E10: 1105.5887 | F10: 0.18118253 | G10: 7323.5 | H10: 7735.8343 | I10: 7287.7303 | J10: 7335.9384 | K10: 12.438384 | L10: -1093.1503 | M10: 0.0016984207 | N10: -0.17948411
A11: 9 | B11: 一年期及以下占个人定期（%） | C11: 0.25643459 | D11: 0.27263697 | E11: 0.016202384 | F11: ---- | G11: 0.27685129 | H11: 0.27424105 | I11: 0.25576775 | J11: 0.25658074 | K11: -0.020270547 | L11: -0.03647293 | M11: ---- | N11: ----
A12: 10 | B12: 二年期（亿元） | C12: 3541.0576 | D12: 3734.3 | E12: 193.24235 | F12: 0.054571931 | G12: 3791.61 | H12: 3722.4256 | I12: 3619.948 | J12: 3611.2953 | K12: -180.31468 | L12: -373.55704 | M12: -0.047556231 | N12: -0.10212816
A13: 11 | B13: 二年期占个人定期比（%） | C13: 0.14881007 | D13: 0.14125364 | E13: -0.0075564257 | F13: ---- | G13: 0.14333476 | H13: 0.13196274 | I13: 0.12704448 | J13: 0.12630815 | K13: -0.017026606 | L13: -0.0094701806 | M13: ---- | N13: ----
A14: 12 | B14: 三年期（亿元） | C14: 11617.45 | D14: 13279.02 | E14: 1661.5697 | F14: 0.14302361 | G14: 13150.76 | H14: 14826.357 | I14: 14944.051 | J14: 15018.54 | K14: 1867.78 | L14: 206.21026 | M14: 0.14202829 | N14: -0.00099532133
A15: 13 | B15: 三年期占个人定期比（%） | C15: 0.48821391 | D15: 0.50229226 | E15: 0.014078347 | F15: ---- | G15: 0.49714 | H15: 0.52560534 | I15: 0.52447142 | J15: 0.52528632 | K15: 0.028146318 | L15: 0.01406797 | M15: ---- | N15: ----
A16: 14 | B16: 五年期（亿元） | C16: 489.39 | D16: 479.55 | E16: -9.84 | F16: -0.020106663 | G16: 480.01 | H16: 670.08571 | I16: 475.43577 | J16: 473.52667 | K16: -6.4833318 | L16: 3.3566682 | M16: -0.01350666 | N16: 0.0066000036
A17: 15 | B17: 五年期占个人定期比（%） | C17: 0.020566217 | D17: 0.01813946 | E17: -0.0024267572 | F17: ---- | G17: 0.018145885 | H17: 0.023755034 | I17: 0.016685735 | J17: 0.016562001 | K17: -0.0015838831 | L17: 0.00084287407 | M17: ---- | N17: ----
A18: 16 | B18: 2.对公存款（亿元） | C18: 10004.108 | D18: 10307.61 | E18: 303.5015 | F18: 0.030337686 | G18: 10307.5 | H18: 11224.633 | I18: 11323.495 | J18: 11151 | K18: 843.5 | L18: 539.9985 | M18: 0.081833616 | N18: 0.05149593
A19: 17 | B19: 对公存款占比（%） | C19: 0.26083537 | D19: 0.25002723 | E19: -0.010808143 | F19: ---- | G19: 0.24779818 | H19: 0.25549458 | I19: 0.25478657 | J19: 0.25120789 | K19: 0.003409702 | L19: 0.014217845 | M19: ---- | N19: ----
A20: 18 | B20: 2.1.1对公活期存款（亿元） | C20: 2929.2785 | D20: 3296.14 | E20: 366.86151 | F20: 0.12523955 | G20: 3399.64 | H20: 3944.59 | I20: 3862.61 | J20: 3669.21 | K20: 269.57 | L20: -97.29151 | M20: 0.07929369 | N20: -0.045945857
A21: 19 | B21: 对公活期存款占对公存款比（%） | C21: 0.29280755 | D21: 0.31977733 | E21: 0.02696978 | F21: ---- | G21: 0.32982197 | H21: 0.35142261 | I21: 0.34111466 | J21: 0.32904762 | K21: -0.00077435524 | L21: -0.027744136 | M21: ---- | N21: ----
A22: 20 | B22: 2.1.2对公定期存款（亿元） | C22: 7070.1991 | D22: 7011.47 | E22: -58.729065 | F22: -0.0083065646 | G22: 6907.86 | H22: 7280.0434 | I22: 7460.8846 | J22: 7481.79 | K22: 573.93 | L22: 632.65906 | M22: 0.083083618 | N22: 0.091390182
A23: 21 | B23: 对公定期存款占对公存款比（%） | C23: 0.70672955 | D23: 0.68022267 | E23: -0.026506877 | F23: ---- | G23: 0.67017803 | H23: 0.64857739 | I23: 0.65888534 | J23: 0.67095238 | K23: 0.00077435524 | L23: 0.027281232 | M23: ---- | N23: ----
A24: 22 | B24: 其中：保证金存款（亿元） | C24: 1575.9025 | D24: 1528.56 | E24: -47.342472 | F24: -0.030041499 | G24: 1577.62 | H24: 1608.96 | I24: 1788.19 | J24: 1774.99 | K24: 197.37 | L24: 244.71247 | M24: 0.12510617 | N24: 0.15514767
A25: 23 | B25: 保证金存款占对公存款比（%） | C25: 0.15752553 | D25: 0.14829432 | E25: -0.0092312094 | F25: ---- | G25: 0.15305554 | H25: 0.14334188 | I25: 0.15791856 | J25: 0.15917765 | K25: 0.0061221101 | L25: 0.01535332 | M25: ---- | N25: ----
A26: 24 | B26: 其中：非银存款（亿元） | C26: 440.04 | D26: 466.3 | E26: 26.26 | F26: 0.059676393 | G26: 451.8 | H26: 578.18 | I26: 514.8 | J26: 488.34 | K26: 36.54 | L26: 10.28 | M26: 0.080876494 | N26: 0.021200101
A27: 25 | B27: 非银存款占对公存款比（%） | C27: 0.043985928 | D27: 0.045238421 | E27: 0.0012524925 | F27: ---- | G27: 0.043832161 | H27: 0.051509923 | I27: 0.045462997 | J27: 0.043793382 | K27: -3.8779288e-05 | L27: -0.0012912718 | M27: ---- | N27: ----
A28: 26 | B28: 3.存款市场份额（%） | C28: 0.1522 | D28: 0.1514 | E28: -0.0008 | F28: ---- | G28: 0.151 | H28: 0.1478 | I28: 0.1519 | J28: 待公布 | K28: 待公布 | L28: 待公布 | M28: ---- | N28: ----
A29: 27 | B29: 4.全部3年期以上存款占比（%） | C29: 0.3731 | D29: 季度指标 | E29: 季度指标 | F29: ---- | G29: 0.3685 | H29: 0.3783 | I29: 0.3801 | J29: 季度指标 | K29: 季度指标 | L29: 季度指标 | M29: ---- | N29: ----
A30: 28 | B30: 5.活期存款占比（%）（不含协定存款） | C30: 0.20203798 | D30: 0.1928 | E30: -0.0092379786 | F30: ---- | G30: 0.19000069 | H30: 0.19513643 | I30: 0.1936 | J30: 0.1899 | K30: -0.00010069181 | L30: 0.0091372868 | M30: ---- | N30: ----
A31: 29 | B31: 6.活期存款占比（%）（含协定存款） | C31: 0.2438 | D31: 0.233 | E31: -0.0108 | F31: ---- | G31: 0.2353 | H31: 0.231 | I31: 0.2287 | J31: 0.2243 | K31: -0.011 | L31: -0.0002 | M31: ---- | N31: ----
A33: 来源：《全省农商行2026年7月主要经营指标一览表》存款部分（全省口径，亿元）。对账脚本用这些数值逐行比对数据湖指标。

Sheet 需确认问题
A1: 序号 | B1: 位置 | C1: 涉及 | D1: 问题 | E1: 怎么解决 | F1: 答复 | G1: 答复人
A2: 1 | B2: 1 | C2: 各项存款 | D2: 对应“各项存款余额”还是“各项存款余额_银监”（ORG_VRS_DEPT_BAL_CBRC）？对账时两个都比对 | E2: 对账可判断
A3: 2 | B3: 1.1.2.1 | C3: 一年期及以下 | D3: 只算整存整取（A），还是整存整取 + 大额存单（A + B）？对账可判断 | E3: 对账可判断
A4: 3 | B4: 1.1.2.4 | C4: 五年期 | D4: 只算整存整取（A），还是整存整取 + 大额存单（A + B）？对账可判断 | E4: 对账可判断
A5: 4 | B5: 1.1.2.5 | C5: 其他期限（建议补充） | D5: 报表四个期限合计比个人定期存款少 2,151.85 亿元，是否就是“个人其他定期存款”？确认后把“加/减”改为“加” | E5: 需业务或数据方答复
A6: 5 | B6: 1.2.4 | C6: 非银存款 | D6: 数据湖中按名称找不到“非银存款”，对应哪个指标编号？ | E6: 需业务或数据方答复
A7: 6 | B7: 报表序号27 | C7: 全部3年期以上存款占比 | D7: 数据湖有“三年期限及以上”和“三年期限以上”两个指标，报表用哪个？ | E7: 需业务或数据方答复
A8: 7 | B8: 报表序号28 | C8: 活期存款占比（不含协定存款） | D8: 是否 = (活期存款_含协定 − 对公协定存款) ÷ 各项存款？另：个人活期 + 对公活期 占各项存款为 18.74%，与报表 18.99% 不一致，报表的“活期存款”还包含什么？ | E8: 需业务或数据方答复
A9: 8 | B9: 全局 | C9: 报表中的“全省” | D9: 对应“江苏农商联合银行”这一机构，还是 60 家农商行合计？ | E9: 对账可判断
A10: 9 | B10: 全局 | C10: 默认口径 | D10: 用户没说口径时默认用“当日数”吗？ | E10: 需业务答复
A11: 10 | B11: 口径字典 | C11: 较同期 / 较同期期末 | D11: 两者分别和什么比？ | E11: 需数据方答复
A12: 11 | B12: 口径字典 | C12: 进取类、提升类、拓展类、成长类均值；层级排名；较层级均值 | D12: 分类和层级的标准是什么？ | E12: 需数据方答复
A13: 12 | B13: 口径字典 | C13: 单位 | D13: 各项存款“当日数”单位为元、“较年初”为亿元，以哪个为准？ | E13: 需数据方答复

Sheet 修改记录
A1: 日期 | B1: 修改人 | C1: 工作表 | D1: 修改内容 | E1: 原因
A2: 2026-10-09 | B2: 系统整理 | C2: 全部 | D2: 按一览表存款部分生成初稿，预填数据湖候选编号和口径字典 | E2: 存款试点

Sheet 选项
A1: 指标 | B1: 加 | C1: 越大越好 | D1: 是 | E1: 待对账
A2: 比率 | B2: 减 | C2: 越小越好 | D2: 否 | E2: 待确认
B3: 其中 | C3: 无明显好坏 | E3: 数据湖无此指标
E4: 已确认
E5: 不需要
